
<annotation>
    <folder>images</folder>
    <filename>Cars216.png</filename>
    <size>
        <width>530</width>
        <height>398</height>
        <depth>3</depth>
    </size>
    <segmented>0</segmented>
    <object>
        <name>licence</name>
        <pose>Unspecified</pose>
        <truncated>0</truncated>
        <occluded>0</occluded>
        <difficult>0</difficult>
        <bndbox>
            <xmin>205</xmin>
            <ymin>214</ymin>
            <xmax>280</xmax>
            <ymax>262</ymax>
        </bndbox>
    </object>
</annotation>