
<annotation>
    <folder>images</folder>
    <filename>Cars405.png</filename>
    <size>
        <width>586</width>
        <height>331</height>
        <depth>3</depth>
    </size>
    <segmented>0</segmented>
    <object>
        <name>licence</name>
        <pose>Unspecified</pose>
        <truncated>0</truncated>
        <occluded>0</occluded>
        <difficult>0</difficult>
        <bndbox>
            <xmin>241</xmin>
            <ymin>207</ymin>
            <xmax>299</xmax>
            <ymax>232</ymax>
        </bndbox>
    </object>
</annotation>