
<annotation>
    <folder>images</folder>
    <filename>Cars370.png</filename>
    <size>
        <width>435</width>
        <height>290</height>
        <depth>3</depth>
    </size>
    <segmented>0</segmented>
    <object>
        <name>licence</name>
        <pose>Unspecified</pose>
        <truncated>0</truncated>
        <occluded>0</occluded>
        <difficult>0</difficult>
        <bndbox>
            <xmin>285</xmin>
            <ymin>249</ymin>
            <xmax>425</xmax>
            <ymax>276</ymax>
        </bndbox>
    </object>
</annotation>