
<annotation>
    <folder>images</folder>
    <filename>Cars174.png</filename>
    <size>
        <width>400</width>
        <height>225</height>
        <depth>3</depth>
    </size>
    <segmented>0</segmented>
    <object>
        <name>licence</name>
        <pose>Unspecified</pose>
        <truncated>0</truncated>
        <occluded>0</occluded>
        <difficult>0</difficult>
        <bndbox>
            <xmin>283</xmin>
            <ymin>159</ymin>
            <xmax>306</xmax>
            <ymax>168</ymax>
        </bndbox>
    </object>
    <object>
        <name>licence</name>
        <pose>Unspecified</pose>
        <truncated>0</truncated>
        <occluded>0</occluded>
        <difficult>0</difficult>
        <bndbox>
            <xmin>103</xmin>
            <ymin>150</ymin>
            <xmax>122</xmax>
            <ymax>158</ymax>
        </bndbox>
    </object>
</annotation>