
<annotation>
    <folder>images</folder>
    <filename>Cars293.png</filename>
    <size>
        <width>400</width>
        <height>267</height>
        <depth>3</depth>
    </size>
    <segmented>0</segmented>
    <object>
        <name>licence</name>
        <pose>Unspecified</pose>
        <truncated>0</truncated>
        <occluded>0</occluded>
        <difficult>0</difficult>
        <bndbox>
            <xmin>64</xmin>
            <ymin>160</ymin>
            <xmax>130</xmax>
            <ymax>181</ymax>
        </bndbox>
    </object>
</annotation>