
<annotation>
    <folder>images</folder>
    <filename>Cars359.png</filename>
    <size>
        <width>400</width>
        <height>284</height>
        <depth>3</depth>
    </size>
    <segmented>0</segmented>
    <object>
        <name>licence</name>
        <pose>Unspecified</pose>
        <truncated>0</truncated>
        <occluded>0</occluded>
        <difficult>0</difficult>
        <bndbox>
            <xmin>228</xmin>
            <ymin>228</ymin>
            <xmax>266</xmax>
            <ymax>240</ymax>
        </bndbox>
    </object>
</annotation>