
<annotation>
    <folder>images</folder>
    <filename>Cars201.png</filename>
    <size>
        <width>590</width>
        <height>350</height>
        <depth>3</depth>
    </size>
    <segmented>0</segmented>
    <object>
        <name>licence</name>
        <pose>Unspecified</pose>
        <truncated>0</truncated>
        <occluded>0</occluded>
        <difficult>0</difficult>
        <bndbox>
            <xmin>216</xmin>
            <ymin>171</ymin>
            <xmax>367</xmax>
            <ymax>208</ymax>
        </bndbox>
    </object>
</annotation>