
<annotation>
    <folder>images</folder>
    <filename>Cars178.png</filename>
    <size>
        <width>300</width>
        <height>223</height>
        <depth>3</depth>
    </size>
    <segmented>0</segmented>
    <object>
        <name>licence</name>
        <pose>Unspecified</pose>
        <truncated>0</truncated>
        <occluded>0</occluded>
        <difficult>0</difficult>
        <bndbox>
            <xmin>126</xmin>
            <ymin>180</ymin>
            <xmax>173</xmax>
            <ymax>205</ymax>
        </bndbox>
    </object>
</annotation>