
<annotation>
    <folder>images</folder>
    <filename>Cars165.png</filename>
    <size>
        <width>590</width>
        <height>343</height>
        <depth>3</depth>
    </size>
    <segmented>0</segmented>
    <object>
        <name>licence</name>
        <pose>Unspecified</pose>
        <truncated>0</truncated>
        <occluded>0</occluded>
        <difficult>0</difficult>
        <bndbox>
            <xmin>209</xmin>
            <ymin>217</ymin>
            <xmax>293</xmax>
            <ymax>254</ymax>
        </bndbox>
    </object>
</annotation>