
<annotation>
    <folder>images</folder>
    <filename>Cars358.png</filename>
    <size>
        <width>400</width>
        <height>200</height>
        <depth>3</depth>
    </size>
    <segmented>0</segmented>
    <object>
        <name>licence</name>
        <pose>Unspecified</pose>
        <truncated>0</truncated>
        <occluded>0</occluded>
        <difficult>0</difficult>
        <bndbox>
            <xmin>44</xmin>
            <ymin>94</ymin>
            <xmax>107</xmax>
            <ymax>107</ymax>
        </bndbox>
    </object>
    <object>
        <name>licence</name>
        <pose>Unspecified</pose>
        <truncated>0</truncated>
        <occluded>0</occluded>
        <difficult>0</difficult>
        <bndbox>
            <xmin>296</xmin>
            <ymin>122</ymin>
            <xmax>358</xmax>
            <ymax>135</ymax>
        </bndbox>
    </object>
</annotation>