
<annotation>
    <folder>images</folder>
    <filename>Cars183.png</filename>
    <size>
        <width>590</width>
        <height>350</height>
        <depth>3</depth>
    </size>
    <segmented>0</segmented>
    <object>
        <name>licence</name>
        <pose>Unspecified</pose>
        <truncated>0</truncated>
        <occluded>0</occluded>
        <difficult>0</difficult>
        <bndbox>
            <xmin>97</xmin>
            <ymin>138</ymin>
            <xmax>234</xmax>
            <ymax>170</ymax>
        </bndbox>
    </object>
</annotation>