
<annotation>
    <folder>images</folder>
    <filename>Cars240.png</filename>
    <size>
        <width>400</width>
        <height>225</height>
        <depth>3</depth>
    </size>
    <segmented>0</segmented>
    <object>
        <name>licence</name>
        <pose>Unspecified</pose>
        <truncated>0</truncated>
        <occluded>0</occluded>
        <difficult>0</difficult>
        <bndbox>
            <xmin>171</xmin>
            <ymin>116</ymin>
            <xmax>232</xmax>
            <ymax>132</ymax>
        </bndbox>
    </object>
</annotation>