
<annotation>
    <folder>images</folder>
    <filename>Cars259.png</filename>
    <size>
        <width>600</width>
        <height>338</height>
        <depth>3</depth>
    </size>
    <segmented>0</segmented>
    <object>
        <name>licence</name>
        <pose>Unspecified</pose>
        <truncated>0</truncated>
        <occluded>0</occluded>
        <difficult>0</difficult>
        <bndbox>
            <xmin>324</xmin>
            <ymin>166</ymin>
            <xmax>475</xmax>
            <ymax>205</ymax>
        </bndbox>
    </object>
</annotation>