
<annotation>
    <folder>images</folder>
    <filename>Cars272.png</filename>
    <size>
        <width>558</width>
        <height>229</height>
        <depth>3</depth>
    </size>
    <segmented>0</segmented>
    <object>
        <name>licence</name>
        <pose>Unspecified</pose>
        <truncated>0</truncated>
        <occluded>0</occluded>
        <difficult>0</difficult>
        <bndbox>
            <xmin>170</xmin>
            <ymin>81</ymin>
            <xmax>316</xmax>
            <ymax>121</ymax>
        </bndbox>
    </object>
</annotation>