
<annotation>
    <folder>images</folder>
    <filename>Cars194.png</filename>
    <size>
        <width>400</width>
        <height>266</height>
        <depth>3</depth>
    </size>
    <segmented>0</segmented>
    <object>
        <name>licence</name>
        <pose>Unspecified</pose>
        <truncated>0</truncated>
        <occluded>0</occluded>
        <difficult>0</difficult>
        <bndbox>
            <xmin>267</xmin>
            <ymin>170</ymin>
            <xmax>316</xmax>
            <ymax>183</ymax>
        </bndbox>
    </object>
</annotation>