
<annotation>
    <folder>images</folder>
    <filename>Cars396.png</filename>
    <size>
        <width>282</width>
        <height>400</height>
        <depth>3</depth>
    </size>
    <segmented>0</segmented>
    <object>
        <name>licence</name>
        <pose>Unspecified</pose>
        <truncated>0</truncated>
        <occluded>0</occluded>
        <difficult>0</difficult>
        <bndbox>
            <xmin>181</xmin>
            <ymin>264</ymin>
            <xmax>269</xmax>
            <ymax>289</ymax>
        </bndbox>
    </object>
</annotation>