
<annotation>
    <folder>images</folder>
    <filename>Cars295.png</filename>
    <size>
        <width>400</width>
        <height>256</height>
        <depth>3</depth>
    </size>
    <segmented>0</segmented>
    <object>
        <name>licence</name>
        <pose>Unspecified</pose>
        <truncated>0</truncated>
        <occluded>0</occluded>
        <difficult>0</difficult>
        <bndbox>
            <xmin>52</xmin>
            <ymin>170</ymin>
            <xmax>73</xmax>
            <ymax>182</ymax>
        </bndbox>
    </object>
    <object>
        <name>licence</name>
        <pose>Unspecified</pose>
        <truncated>0</truncated>
        <occluded>0</occluded>
        <difficult>0</difficult>
        <bndbox>
            <xmin>237</xmin>
            <ymin>143</ymin>
            <xmax>271</xmax>
            <ymax>162</ymax>
        </bndbox>
    </object>
</annotation>